Subtotal Area	KONSTANTINOS RODITIS	BETTY T. YEE	Registered Voters	Ballots Cast	Ballots Rejected	Overvotes	Undervotes	Ballots Counted
All Precincts	0	0	500,516	0	0	0	0	0
All Precincts - Election Day	0	0	500,516	0	0	0	0	0
All Precincts - Vote By Mail	0	0	500,516	0	0	0	0	0
Precinct 1101 - Election Day	0	0	553	0	0	0	0	0
Precinct 1101 - Vote By Mail	0	0	553	0	0	0	0	0
Precinct 1102 - Election Day	0	0	995	0	0	0	0	0
Precinct 1102 - Vote By Mail	0	0	995	0	0	0	0	0
Precinct 1103 - Election Day	0	0	951	0	0	0	0	0
Precinct 1103 - Vote By Mail	0	0	951	0	0	0	0	0
Precinct 1104/1105 - Election Day	0	0	993	0	0	0	0	0
Precinct 1104/1105 - Vote By Mail	0	0	993	0	0	0	0	0
Precinct 1106 - Election Day	0	0	765	0	0	0	0	0
Precinct 1106 - Vote By Mail	0	0	765	0	0	0	0	0
Precinct 1107 - Election Day	0	0	746	0	0	0	0	0
Precinct 1107 - Vote By Mail	0	0	746	0	0	0	0	0
Precinct 1108 - Election Day	0	0	909	0	0	0	0	0
Precinct 1108 - Vote By Mail	0	0	909	0	0	0	0	0
Precinct 1109 - Election Day	0	0	798	0	0	0	0	0
Precinct 1109 - Vote By Mail	0	0	798	0	0	0	0	0
Precinct 1111 - Election Day	0	0	1,002	0	0	0	0	0
Precinct 1111 - Vote By Mail	0	0	1,002	0	0	0	0	0
Precinct 1112 - Election Day	0	0	769	0	0	0	0	0
Precinct 1112 - Vote By Mail	0	0	769	0	0	0	0	0
Precinct 1113 - Election Day	0	0	746	0	0	0	0	0
Precinct 1113 - Vote By Mail	0	0	746	0	0	0	0	0
Precinct 1114 - Election Day	0	0	957	0	0	0	0	0
Precinct 1114 - Vote By Mail	0	0	957	0	0	0	0	0
Precinct 1115 - Election Day	0	0	895	0	0	0	0	0
Precinct 1115 - Vote By Mail	0	0	895	0	0	0	0	0
Precinct 1116 - Election Day	0	0	895	0	0	0	0	0
Precinct 1116 - Vote By Mail	0	0	895	0	0	0	0	0
Precinct 1117 - Election Day	0	0	858	0	0	0	0	0
Precinct 1117 - Vote By Mail	0	0	858	0	0	0	0	0
Precinct 1118 - Election Day	0	0	1,043	0	0	0	0	0
Precinct 1118 - Vote By Mail	0	0	1,043	0	0	0	0	0
Precinct 1119 - Election Day	0	0	791	0	0	0	0	0
Precinct 1119 - Vote By Mail	0	0	791	0	0	0	0	0
Precinct 1121 - Election Day	0	0	691	0	0	0	0	0
Precinct 1121 - Vote By Mail	0	0	691	0	0	0	0	0
Precinct 1122 - Election Day	0	0	632	0	0	0	0	0
Precinct 1122 - Vote By Mail	0	0	632	0	0	0	0	0
Precinct 1123 - Election Day	0	0	915	0	0	0	0	0
Precinct 1123 - Vote By Mail	0	0	915	0	0	0	0	0
Precinct 1124 - Election Day	0	0	819	0	0	0	0	0
Precinct 1124 - Vote By Mail	0	0	819	0	0	0	0	0
Precinct 1125 - Election Day	0	0	1,047	0	0	0	0	0
Precinct 1125 - Vote By Mail	0	0	1,047	0	0	0	0	0
Precinct 1126 - Election Day	0	0	922	0	0	0	0	0
Precinct 1126 - Vote By Mail	0	0	922	0	0	0	0	0
Precinct 1127 - Election Day	0	0	920	0	0	0	0	0
Precinct 1127 - Vote By Mail	0	0	920	0	0	0	0	0
Precinct 1128 - Election Day	0	0	838	0	0	0	0	0
Precinct 1128 - Vote By Mail	0	0	838	0	0	0	0	0
Precinct 1129 - Election Day	0	0	980	0	0	0	0	0
Precinct 1129 - Vote By Mail	0	0	980	0	0	0	0	0
Precinct 1131 - Election Day	0	0	797	0	0	0	0	0
Precinct 1131 - Vote By Mail	0	0	797	0	0	0	0	0
Precinct 1132 - Election Day	0	0	969	0	0	0	0	0
Precinct 1132 - Vote By Mail	0	0	969	0	0	0	0	0
Precinct 1133 - Election Day	0	0	863	0	0	0	0	0
Precinct 1133 - Vote By Mail	0	0	863	0	0	0	0	0
Precinct 1134 - Election Day	0	0	759	0	0	0	0	0
Precinct 1134 - Vote By Mail	0	0	759	0	0	0	0	0
Precinct 1135 - Election Day	0	0	540	0	0	0	0	0
Precinct 1135 - Vote By Mail	0	0	540	0	0	0	0	0
Precinct 1136 - Election Day	0	0	829	0	0	0	0	0
Precinct 1136 - Vote By Mail	0	0	829	0	0	0	0	0
Precinct 1141 - Election Day	0	0	1,041	0	0	0	0	0
Precinct 1141 - Vote By Mail	0	0	1,041	0	0	0	0	0
Precinct 1142 - Election Day	0	0	861	0	0	0	0	0
Precinct 1142 - Vote By Mail	0	0	861	0	0	0	0	0
Precinct 1143 - Election Day	0	0	1,034	0	0	0	0	0
Precinct 1143 - Vote By Mail	0	0	1,034	0	0	0	0	0
Precinct 1144 - Election Day	0	0	907	0	0	0	0	0
Precinct 1144 - Vote By Mail	0	0	907	0	0	0	0	0
Precinct 1145 - Election Day	0	0	888	0	0	0	0	0
Precinct 1145 - Vote By Mail	0	0	888	0	0	0	0	0
Precinct 1146 - Election Day	0	0	1,011	0	0	0	0	0
Precinct 1146 - Vote By Mail	0	0	1,011	0	0	0	0	0
Precinct 1147 - Election Day	0	0	877	0	0	0	0	0
Precinct 1147 - Vote By Mail	0	0	877	0	0	0	0	0
Precinct 1148 - Election Day	0	0	962	0	0	0	0	0
Precinct 1148 - Vote By Mail	0	0	962	0	0	0	0	0
Precinct 1149 - Election Day	0	0	907	0	0	0	0	0
Precinct 1149 - Vote By Mail	0	0	907	0	0	0	0	0
Precinct 1152 - Election Day	0	0	864	0	0	0	0	0
Precinct 1152 - Vote By Mail	0	0	864	0	0	0	0	0
Precinct 1153 - Election Day	0	0	951	0	0	0	0	0
Precinct 1153 - Vote By Mail	0	0	951	0	0	0	0	0
Precinct 7001 - Election Day	0	0	776	0	0	0	0	0
Precinct 7001 - Vote By Mail	0	0	776	0	0	0	0	0
Precinct 7002 - Election Day	0	0	706	0	0	0	0	0
Precinct 7002 - Vote By Mail	0	0	706	0	0	0	0	0
Precinct 7003 - Election Day	0	0	884	0	0	0	0	0
Precinct 7003 - Vote By Mail	0	0	884	0	0	0	0	0
Precinct 7004 - Election Day	0	0	881	0	0	0	0	0
Precinct 7004 - Vote By Mail	0	0	881	0	0	0	0	0
Precinct 7005 - Election Day	0	0	847	0	0	0	0	0
Precinct 7005 - Vote By Mail	0	0	847	0	0	0	0	0
Precinct 7006 - Election Day	0	0	917	0	0	0	0	0
Precinct 7006 - Vote By Mail	0	0	917	0	0	0	0	0
Precinct 7007 - Election Day	0	0	949	0	0	0	0	0
Precinct 7007 - Vote By Mail	0	0	949	0	0	0	0	0
Precinct 7008 - Election Day	0	0	932	0	0	0	0	0
Precinct 7008 - Vote By Mail	0	0	932	0	0	0	0	0
Precinct 7009 - Election Day	0	0	905	0	0	0	0	0
Precinct 7009 - Vote By Mail	0	0	905	0	0	0	0	0
Precinct 7011 - Election Day	0	0	985	0	0	0	0	0
Precinct 7011 - Vote By Mail	0	0	985	0	0	0	0	0
Precinct 7012 - Election Day	0	0	1,109	0	0	0	0	0
Precinct 7012 - Vote By Mail	0	0	1,109	0	0	0	0	0
Precinct 7013 - Election Day	0	0	956	0	0	0	0	0
Precinct 7013 - Vote By Mail	0	0	956	0	0	0	0	0
Precinct 7014 - Election Day	0	0	1,460	0	0	0	0	0
Precinct 7014 - Vote By Mail	0	0	1,460	0	0	0	0	0
Precinct 7015 MB - Vote By Mail	0	0	95	0	0	0	0	0
Precinct 7016 - Election Day	0	0	918	0	0	0	0	0
Precinct 7016 - Vote By Mail	0	0	918	0	0	0	0	0
Precinct 7017 - Election Day	0	0	754	0	0	0	0	0
Precinct 7017 - Vote By Mail	0	0	754	0	0	0	0	0
Precinct 7018 - Election Day	0	0	977	0	0	0	0	0
Precinct 7018 - Vote By Mail	0	0	977	0	0	0	0	0
Precinct 7019 - Election Day	0	0	899	0	0	0	0	0
Precinct 7019 - Vote By Mail	0	0	899	0	0	0	0	0
Precinct 7021 - Election Day	0	0	947	0	0	0	0	0
Precinct 7021 - Vote By Mail	0	0	947	0	0	0	0	0
Precinct 7022 - Election Day	0	0	945	0	0	0	0	0
Precinct 7022 - Vote By Mail	0	0	945	0	0	0	0	0
Precinct 7023 - Election Day	0	0	928	0	0	0	0	0
Precinct 7023 - Vote By Mail	0	0	928	0	0	0	0	0
Precinct 7024 - Election Day	0	0	414	0	0	0	0	0
Precinct 7024 - Vote By Mail	0	0	414	0	0	0	0	0
Precinct 7025 - Election Day	0	0	477	0	0	0	0	0
Precinct 7025 - Vote By Mail	0	0	477	0	0	0	0	0
Precinct 7026 - Election Day	0	0	1,011	0	0	0	0	0
Precinct 7026 - Vote By Mail	0	0	1,011	0	0	0	0	0
Precinct 7027 - Election Day	0	0	869	0	0	0	0	0
Precinct 7027 - Vote By Mail	0	0	869	0	0	0	0	0
Precinct 7028 - Election Day	0	0	850	0	0	0	0	0
Precinct 7028 - Vote By Mail	0	0	850	0	0	0	0	0
Precinct 7029 - Election Day	0	0	901	0	0	0	0	0
Precinct 7029 - Vote By Mail	0	0	901	0	0	0	0	0
Precinct 7030 - Election Day	0	0	759	0	0	0	0	0
Precinct 7030 - Vote By Mail	0	0	759	0	0	0	0	0
Precinct 7031 - Election Day	0	0	641	0	0	0	0	0
Precinct 7031 - Vote By Mail	0	0	641	0	0	0	0	0
Precinct 7032 - Election Day	0	0	904	0	0	0	0	0
Precinct 7032 - Vote By Mail	0	0	904	0	0	0	0	0
Precinct 7033 - Election Day	0	0	798	0	0	0	0	0
Precinct 7033 - Vote By Mail	0	0	798	0	0	0	0	0
Precinct 7034 - Election Day	0	0	958	0	0	0	0	0
Precinct 7034 - Vote By Mail	0	0	958	0	0	0	0	0
Precinct 7035 - Election Day	0	0	606	0	0	0	0	0
Precinct 7035 - Vote By Mail	0	0	606	0	0	0	0	0
Precinct 7036 - Election Day	0	0	921	0	0	0	0	0
Precinct 7036 - Vote By Mail	0	0	921	0	0	0	0	0
Precinct 7037 - Election Day	0	0	735	0	0	0	0	0
Precinct 7037 - Vote By Mail	0	0	735	0	0	0	0	0
Precinct 7038 - Election Day	0	0	911	0	0	0	0	0
Precinct 7038 - Vote By Mail	0	0	911	0	0	0	0	0
Precinct 7039 - Election Day	0	0	784	0	0	0	0	0
Precinct 7039 - Vote By Mail	0	0	784	0	0	0	0	0
Precinct 7041 MB - Vote By Mail	0	0	61	0	0	0	0	0
Precinct 7042 - Election Day	0	0	639	0	0	0	0	0
Precinct 7042 - Vote By Mail	0	0	639	0	0	0	0	0
Precinct 7043 - Election Day	0	0	957	0	0	0	0	0
Precinct 7043 - Vote By Mail	0	0	957	0	0	0	0	0
Precinct 7044 - Election Day	0	0	827	0	0	0	0	0
Precinct 7044 - Vote By Mail	0	0	827	0	0	0	0	0
Precinct 7045 - Election Day	0	0	779	0	0	0	0	0
Precinct 7045 - Vote By Mail	0	0	779	0	0	0	0	0
Precinct 7046 - Election Day	0	0	402	0	0	0	0	0
Precinct 7046 - Vote By Mail	0	0	402	0	0	0	0	0
Precinct 7047 - Election Day	0	0	823	0	0	0	0	0
Precinct 7047 - Vote By Mail	0	0	823	0	0	0	0	0
Precinct 7048 - Election Day	0	0	858	0	0	0	0	0
Precinct 7048 - Vote By Mail	0	0	858	0	0	0	0	0
Precinct 7049 - Election Day	0	0	792	0	0	0	0	0
Precinct 7049 - Vote By Mail	0	0	792	0	0	0	0	0
Precinct 7051 - Election Day	0	0	861	0	0	0	0	0
Precinct 7051 - Vote By Mail	0	0	861	0	0	0	0	0
Precinct 7052 - Election Day	0	0	852	0	0	0	0	0
Precinct 7052 - Vote By Mail	0	0	852	0	0	0	0	0
Precinct 7053 - Election Day	0	0	548	0	0	0	0	0
Precinct 7053 - Vote By Mail	0	0	548	0	0	0	0	0
Precinct 7054 - Election Day	0	0	1,073	0	0	0	0	0
Precinct 7054 - Vote By Mail	0	0	1,073	0	0	0	0	0
Precinct 7055 - Election Day	0	0	808	0	0	0	0	0
Precinct 7055 - Vote By Mail	0	0	808	0	0	0	0	0
Precinct 7101 MB - Vote By Mail	0	0	155	0	0	0	0	0
Precinct 7201 - Election Day	0	0	936	0	0	0	0	0
Precinct 7201 - Vote By Mail	0	0	936	0	0	0	0	0
Precinct 7202 - Election Day	0	0	850	0	0	0	0	0
Precinct 7202 - Vote By Mail	0	0	850	0	0	0	0	0
Precinct 7203 - Election Day	0	0	921	0	0	0	0	0
Precinct 7203 - Vote By Mail	0	0	921	0	0	0	0	0
Precinct 7204 - Election Day	0	0	918	0	0	0	0	0
Precinct 7204 - Vote By Mail	0	0	918	0	0	0	0	0
Precinct 7205 - Election Day	0	0	875	0	0	0	0	0
Precinct 7205 - Vote By Mail	0	0	875	0	0	0	0	0
Precinct 7206 - Election Day	0	0	378	0	0	0	0	0
Precinct 7206 - Vote By Mail	0	0	378	0	0	0	0	0
Precinct 7207 - Election Day	0	0	812	0	0	0	0	0
Precinct 7207 - Vote By Mail	0	0	812	0	0	0	0	0
Precinct 7208 - Election Day	0	0	600	0	0	0	0	0
Precinct 7208 - Vote By Mail	0	0	600	0	0	0	0	0
Precinct 7209 - Election Day	0	0	626	0	0	0	0	0
Precinct 7209 - Vote By Mail	0	0	626	0	0	0	0	0
Precinct 7301 - Election Day	0	0	1,016	0	0	0	0	0
Precinct 7301 - Vote By Mail	0	0	1,016	0	0	0	0	0
Precinct 7302 - Election Day	0	0	814	0	0	0	0	0
Precinct 7302 - Vote By Mail	0	0	814	0	0	0	0	0
Precinct 7303 - Election Day	0	0	1,042	0	0	0	0	0
Precinct 7303 - Vote By Mail	0	0	1,042	0	0	0	0	0
Precinct 7304 - Election Day	0	0	1,002	0	0	0	0	0
Precinct 7304 - Vote By Mail	0	0	1,002	0	0	0	0	0
Precinct 7305 - Election Day	0	0	871	0	0	0	0	0
Precinct 7305 - Vote By Mail	0	0	871	0	0	0	0	0
Precinct 7306 - Election Day	0	0	1,056	0	0	0	0	0
Precinct 7306 - Vote By Mail	0	0	1,056	0	0	0	0	0
Precinct 7307 - Election Day	0	0	767	0	0	0	0	0
Precinct 7307 - Vote By Mail	0	0	767	0	0	0	0	0
Precinct 7308 - Election Day	0	0	603	0	0	0	0	0
Precinct 7308 - Vote By Mail	0	0	603	0	0	0	0	0
Precinct 7309 - Election Day	0	0	884	0	0	0	0	0
Precinct 7309 - Vote By Mail	0	0	884	0	0	0	0	0
Precinct 7311 - Election Day	0	0	917	0	0	0	0	0
Precinct 7311 - Vote By Mail	0	0	917	0	0	0	0	0
Precinct 7312 - Election Day	0	0	821	0	0	0	0	0
Precinct 7312 - Vote By Mail	0	0	821	0	0	0	0	0
Precinct 7313 - Election Day	0	0	968	0	0	0	0	0
Precinct 7313 - Vote By Mail	0	0	968	0	0	0	0	0
Precinct 7314 - Election Day	0	0	787	0	0	0	0	0
Precinct 7314 - Vote By Mail	0	0	787	0	0	0	0	0
Precinct 7315 - Election Day	0	0	760	0	0	0	0	0
Precinct 7315 - Vote By Mail	0	0	760	0	0	0	0	0
Precinct 7316 - Election Day	0	0	853	0	0	0	0	0
Precinct 7316 - Vote By Mail	0	0	853	0	0	0	0	0
Precinct 7317 - Election Day	0	0	904	0	0	0	0	0
Precinct 7317 - Vote By Mail	0	0	904	0	0	0	0	0
Precinct 7318 - Election Day	0	0	727	0	0	0	0	0
Precinct 7318 - Vote By Mail	0	0	727	0	0	0	0	0
Precinct 7319 - Election Day	0	0	1,079	0	0	0	0	0
Precinct 7319 - Vote By Mail	0	0	1,079	0	0	0	0	0
Precinct 7321 - Election Day	0	0	671	0	0	0	0	0
Precinct 7321 - Vote By Mail	0	0	671	0	0	0	0	0
Precinct 7322 - Election Day	0	0	874	0	0	0	0	0
Precinct 7322 - Vote By Mail	0	0	874	0	0	0	0	0
Precinct 7323 - Election Day	0	0	950	0	0	0	0	0
Precinct 7323 - Vote By Mail	0	0	950	0	0	0	0	0
Precinct 7324 - Election Day	0	0	755	0	0	0	0	0
Precinct 7324 - Vote By Mail	0	0	755	0	0	0	0	0
Precinct 7325 - Election Day	0	0	904	0	0	0	0	0
Precinct 7325 - Vote By Mail	0	0	904	0	0	0	0	0
Precinct 7326 - Election Day	0	0	876	0	0	0	0	0
Precinct 7326 - Vote By Mail	0	0	876	0	0	0	0	0
Precinct 7327 - Election Day	0	0	699	0	0	0	0	0
Precinct 7327 - Vote By Mail	0	0	699	0	0	0	0	0
Precinct 7328 - Election Day	0	0	973	0	0	0	0	0
Precinct 7328 - Vote By Mail	0	0	973	0	0	0	0	0
Precinct 7329 - Election Day	0	0	640	0	0	0	0	0
Precinct 7329 - Vote By Mail	0	0	640	0	0	0	0	0
Precinct 7331 - Election Day	0	0	852	0	0	0	0	0
Precinct 7331 - Vote By Mail	0	0	852	0	0	0	0	0
Precinct 7332 - Election Day	0	0	834	0	0	0	0	0
Precinct 7332 - Vote By Mail	0	0	834	0	0	0	0	0
Precinct 7333 - Election Day	0	0	1,044	0	0	0	0	0
Precinct 7333 - Vote By Mail	0	0	1,044	0	0	0	0	0
Precinct 7334 - Election Day	0	0	881	0	0	0	0	0
Precinct 7334 - Vote By Mail	0	0	881	0	0	0	0	0
Precinct 7335 - Election Day	0	0	970	0	0	0	0	0
Precinct 7335 - Vote By Mail	0	0	970	0	0	0	0	0
Precinct 7336 - Election Day	0	0	955	0	0	0	0	0
Precinct 7336 - Vote By Mail	0	0	955	0	0	0	0	0
Precinct 7337 - Election Day	0	0	851	0	0	0	0	0
Precinct 7337 - Vote By Mail	0	0	851	0	0	0	0	0
Precinct 7338 - Election Day	0	0	915	0	0	0	0	0
Precinct 7338 - Vote By Mail	0	0	915	0	0	0	0	0
Precinct 7339 - Election Day	0	0	669	0	0	0	0	0
Precinct 7339 - Vote By Mail	0	0	669	0	0	0	0	0
Precinct 7341 - Election Day	0	0	908	0	0	0	0	0
Precinct 7341 - Vote By Mail	0	0	908	0	0	0	0	0
Precinct 7342 - Election Day	0	0	947	0	0	0	0	0
Precinct 7342 - Vote By Mail	0	0	947	0	0	0	0	0
Precinct 7343 - Election Day	0	0	731	0	0	0	0	0
Precinct 7343 - Vote By Mail	0	0	731	0	0	0	0	0
Precinct 7344 - Election Day	0	0	1,110	0	0	0	0	0
Precinct 7344 - Vote By Mail	0	0	1,110	0	0	0	0	0
Precinct 7345 - Election Day	0	0	1,141	0	0	0	0	0
Precinct 7345 - Vote By Mail	0	0	1,141	0	0	0	0	0
Precinct 7346 - Election Day	0	0	920	0	0	0	0	0
Precinct 7346 - Vote By Mail	0	0	920	0	0	0	0	0
Precinct 7347 - Election Day	0	0	1,040	0	0	0	0	0
Precinct 7347 - Vote By Mail	0	0	1,040	0	0	0	0	0
Precinct 7348 - Election Day	0	0	861	0	0	0	0	0
Precinct 7348 - Vote By Mail	0	0	861	0	0	0	0	0
Precinct 7349 - Election Day	0	0	957	0	0	0	0	0
Precinct 7349 - Vote By Mail	0	0	957	0	0	0	0	0
Precinct 7501 - Election Day	0	0	565	0	0	0	0	0
Precinct 7501 - Vote By Mail	0	0	565	0	0	0	0	0
Precinct 7502 - Election Day	0	0	784	0	0	0	0	0
Precinct 7502 - Vote By Mail	0	0	784	0	0	0	0	0
Precinct 7503 - Election Day	0	0	764	0	0	0	0	0
Precinct 7503 - Vote By Mail	0	0	764	0	0	0	0	0
Precinct 7504 - Election Day	0	0	503	0	0	0	0	0
Precinct 7504 - Vote By Mail	0	0	503	0	0	0	0	0
Precinct 7505 - Election Day	0	0	869	0	0	0	0	0
Precinct 7505 - Vote By Mail	0	0	869	0	0	0	0	0
Precinct 7506 - Election Day	0	0	999	0	0	0	0	0
Precinct 7506 - Vote By Mail	0	0	999	0	0	0	0	0
Precinct 7507 - Election Day	0	0	955	0	0	0	0	0
Precinct 7507 - Vote By Mail	0	0	955	0	0	0	0	0
Precinct 7508 - Election Day	0	0	727	0	0	0	0	0
Precinct 7508 - Vote By Mail	0	0	727	0	0	0	0	0
Precinct 7509/7511 - Election Day	0	0	932	0	0	0	0	0
Precinct 7509/7511 - Vote By Mail	0	0	932	0	0	0	0	0
Precinct 7512 - Election Day	0	0	612	0	0	0	0	0
Precinct 7512 - Vote By Mail	0	0	612	0	0	0	0	0
Precinct 7513 - Election Day	0	0	818	0	0	0	0	0
Precinct 7513 - Vote By Mail	0	0	818	0	0	0	0	0
Precinct 7514 - Election Day	0	0	874	0	0	0	0	0
Precinct 7514 - Vote By Mail	0	0	874	0	0	0	0	0
Precinct 7515 - Election Day	0	0	869	0	0	0	0	0
Precinct 7515 - Vote By Mail	0	0	869	0	0	0	0	0
Precinct 7516 - Election Day	0	0	922	0	0	0	0	0
Precinct 7516 - Vote By Mail	0	0	922	0	0	0	0	0
Precinct 7517 - Election Day	0	0	863	0	0	0	0	0
Precinct 7517 - Vote By Mail	0	0	863	0	0	0	0	0
Precinct 7518 - Election Day	0	0	950	0	0	0	0	0
Precinct 7518 - Vote By Mail	0	0	950	0	0	0	0	0
Precinct 7519 - Election Day	0	0	737	0	0	0	0	0
Precinct 7519 - Vote By Mail	0	0	737	0	0	0	0	0
Precinct 7521 - Election Day	0	0	812	0	0	0	0	0
Precinct 7521 - Vote By Mail	0	0	812	0	0	0	0	0
Precinct 7522 - Election Day	0	0	764	0	0	0	0	0
Precinct 7522 - Vote By Mail	0	0	764	0	0	0	0	0
Precinct 7523 - Election Day	0	0	747	0	0	0	0	0
Precinct 7523 - Vote By Mail	0	0	747	0	0	0	0	0
Precinct 7524 - Election Day	0	0	615	0	0	0	0	0
Precinct 7524 - Vote By Mail	0	0	615	0	0	0	0	0
Precinct 7525 - Election Day	0	0	800	0	0	0	0	0
Precinct 7525 - Vote By Mail	0	0	800	0	0	0	0	0
Precinct 7526 - Election Day	0	0	1,011	0	0	0	0	0
Precinct 7526 - Vote By Mail	0	0	1,011	0	0	0	0	0
Precinct 7527/7528 - Election Day	0	0	725	0	0	0	0	0
Precinct 7527/7528 - Vote By Mail	0	0	725	0	0	0	0	0
Precinct 7529 - Election Day	0	0	948	0	0	0	0	0
Precinct 7529 - Vote By Mail	0	0	948	0	0	0	0	0
Precinct 7531 - Election Day	0	0	865	0	0	0	0	0
Precinct 7531 - Vote By Mail	0	0	865	0	0	0	0	0
Precinct 7532 - Election Day	0	0	852	0	0	0	0	0
Precinct 7532 - Vote By Mail	0	0	852	0	0	0	0	0
Precinct 7533 - Election Day	0	0	1,015	0	0	0	0	0
Precinct 7533 - Vote By Mail	0	0	1,015	0	0	0	0	0
Precinct 7534 - Election Day	0	0	936	0	0	0	0	0
Precinct 7534 - Vote By Mail	0	0	936	0	0	0	0	0
Precinct 7535 - Election Day	0	0	767	0	0	0	0	0
Precinct 7535 - Vote By Mail	0	0	767	0	0	0	0	0
Precinct 7536 - Election Day	0	0	863	0	0	0	0	0
Precinct 7536 - Vote By Mail	0	0	863	0	0	0	0	0
Precinct 7537 - Election Day	0	0	752	0	0	0	0	0
Precinct 7537 - Vote By Mail	0	0	752	0	0	0	0	0
Precinct 7538 - Election Day	0	0	771	0	0	0	0	0
Precinct 7538 - Vote By Mail	0	0	771	0	0	0	0	0
Precinct 7539 - Election Day	0	0	922	0	0	0	0	0
Precinct 7539 - Vote By Mail	0	0	922	0	0	0	0	0
Precinct 7541 - Election Day	0	0	805	0	0	0	0	0
Precinct 7541 - Vote By Mail	0	0	805	0	0	0	0	0
Precinct 7542 - Election Day	0	0	821	0	0	0	0	0
Precinct 7542 - Vote By Mail	0	0	821	0	0	0	0	0
Precinct 7543 - Election Day	0	0	909	0	0	0	0	0
Precinct 7543 - Vote By Mail	0	0	909	0	0	0	0	0
Precinct 7544 - Election Day	0	0	898	0	0	0	0	0
Precinct 7544 - Vote By Mail	0	0	898	0	0	0	0	0
Precinct 7545 - Election Day	0	0	918	0	0	0	0	0
Precinct 7545 - Vote By Mail	0	0	918	0	0	0	0	0
Precinct 7546 - Election Day	0	0	982	0	0	0	0	0
Precinct 7546 - Vote By Mail	0	0	982	0	0	0	0	0
Precinct 7547 - Election Day	0	0	1,029	0	0	0	0	0
Precinct 7547 - Vote By Mail	0	0	1,029	0	0	0	0	0
Precinct 7548 - Election Day	0	0	1,073	0	0	0	0	0
Precinct 7548 - Vote By Mail	0	0	1,073	0	0	0	0	0
Precinct 7549 - Election Day	0	0	811	0	0	0	0	0
Precinct 7549 - Vote By Mail	0	0	811	0	0	0	0	0
Precinct 7551 - Election Day	0	0	741	0	0	0	0	0
Precinct 7551 - Vote By Mail	0	0	741	0	0	0	0	0
Precinct 7552 - Election Day	0	0	727	0	0	0	0	0
Precinct 7552 - Vote By Mail	0	0	727	0	0	0	0	0
Precinct 7553 MB - Vote By Mail	0	0	180	0	0	0	0	0
Precinct 7554 - Election Day	0	0	808	0	0	0	0	0
Precinct 7554 - Vote By Mail	0	0	808	0	0	0	0	0
Precinct 7555 - Election Day	0	0	886	0	0	0	0	0
Precinct 7555 - Vote By Mail	0	0	886	0	0	0	0	0
Precinct 7556/7557 - Election Day	0	0	969	0	0	0	0	0
Precinct 7556/7557 - Vote By Mail	0	0	969	0	0	0	0	0
Precinct 7601 - Election Day	0	0	767	0	0	0	0	0
Precinct 7601 - Vote By Mail	0	0	767	0	0	0	0	0
Precinct 7602 - Election Day	0	0	901	0	0	0	0	0
Precinct 7602 - Vote By Mail	0	0	901	0	0	0	0	0
Precinct 7603 - Election Day	0	0	830	0	0	0	0	0
Precinct 7603 - Vote By Mail	0	0	830	0	0	0	0	0
Precinct 7604 - Election Day	0	0	954	0	0	0	0	0
Precinct 7604 - Vote By Mail	0	0	954	0	0	0	0	0
Precinct 7605 - Election Day	0	0	648	0	0	0	0	0
Precinct 7605 - Vote By Mail	0	0	648	0	0	0	0	0
Precinct 7606 - Election Day	0	0	924	0	0	0	0	0
Precinct 7606 - Vote By Mail	0	0	924	0	0	0	0	0
Precinct 7607 - Election Day	0	0	960	0	0	0	0	0
Precinct 7607 - Vote By Mail	0	0	960	0	0	0	0	0
Precinct 7608 - Election Day	0	0	392	0	0	0	0	0
Precinct 7608 - Vote By Mail	0	0	392	0	0	0	0	0
Precinct 7609 - Election Day	0	0	926	0	0	0	0	0
Precinct 7609 - Vote By Mail	0	0	926	0	0	0	0	0
Precinct 7611 - Election Day	0	0	755	0	0	0	0	0
Precinct 7611 - Vote By Mail	0	0	755	0	0	0	0	0
Precinct 7612 - Election Day	0	0	583	0	0	0	0	0
Precinct 7612 - Vote By Mail	0	0	583	0	0	0	0	0
Precinct 7613 - Election Day	0	0	908	0	0	0	0	0
Precinct 7613 - Vote By Mail	0	0	908	0	0	0	0	0
Precinct 7614 - Election Day	0	0	1,029	0	0	0	0	0
Precinct 7614 - Vote By Mail	0	0	1,029	0	0	0	0	0
Precinct 7615 - Election Day	0	0	762	0	0	0	0	0
Precinct 7615 - Vote By Mail	0	0	762	0	0	0	0	0
Precinct 7616 - Election Day	0	0	1,203	0	0	0	0	0
Precinct 7616 - Vote By Mail	0	0	1,203	0	0	0	0	0
Precinct 7617 - Election Day	0	0	768	0	0	0	0	0
Precinct 7617 - Vote By Mail	0	0	768	0	0	0	0	0
Precinct 7618 - Election Day	0	0	862	0	0	0	0	0
Precinct 7618 - Vote By Mail	0	0	862	0	0	0	0	0
Precinct 7619 - Election Day	0	0	1,063	0	0	0	0	0
Precinct 7619 - Vote By Mail	0	0	1,063	0	0	0	0	0
Precinct 7621 - Election Day	0	0	1,320	0	0	0	0	0
Precinct 7621 - Vote By Mail	0	0	1,320	0	0	0	0	0
Precinct 7622 - Election Day	0	0	988	0	0	0	0	0
Precinct 7622 - Vote By Mail	0	0	988	0	0	0	0	0
Precinct 7623 - Election Day	0	0	746	0	0	0	0	0
Precinct 7623 - Vote By Mail	0	0	746	0	0	0	0	0
Precinct 7624 - Election Day	0	0	859	0	0	0	0	0
Precinct 7624 - Vote By Mail	0	0	859	0	0	0	0	0
Precinct 7625 - Election Day	0	0	822	0	0	0	0	0
Precinct 7625 - Vote By Mail	0	0	822	0	0	0	0	0
Precinct 7626 - Election Day	0	0	1,114	0	0	0	0	0
Precinct 7626 - Vote By Mail	0	0	1,114	0	0	0	0	0
Precinct 7627 - Election Day	0	0	1,187	0	0	0	0	0
Precinct 7627 - Vote By Mail	0	0	1,187	0	0	0	0	0
Precinct 7628 - Election Day	0	0	960	0	0	0	0	0
Precinct 7628 - Vote By Mail	0	0	960	0	0	0	0	0
Precinct 7629 - Election Day	0	0	809	0	0	0	0	0
Precinct 7629 - Vote By Mail	0	0	809	0	0	0	0	0
Precinct 7631 - Election Day	0	0	1,155	0	0	0	0	0
Precinct 7631 - Vote By Mail	0	0	1,155	0	0	0	0	0
Precinct 7632 - Election Day	0	0	1,124	0	0	0	0	0
Precinct 7632 - Vote By Mail	0	0	1,124	0	0	0	0	0
Precinct 7633 - Election Day	0	0	741	0	0	0	0	0
Precinct 7633 - Vote By Mail	0	0	741	0	0	0	0	0
Precinct 7634 - Election Day	0	0	900	0	0	0	0	0
Precinct 7634 - Vote By Mail	0	0	900	0	0	0	0	0
Precinct 7635 - Election Day	0	0	840	0	0	0	0	0
Precinct 7635 - Vote By Mail	0	0	840	0	0	0	0	0
Precinct 7636 - Election Day	0	0	938	0	0	0	0	0
Precinct 7636 - Vote By Mail	0	0	938	0	0	0	0	0
Precinct 7637 - Election Day	0	0	809	0	0	0	0	0
Precinct 7637 - Vote By Mail	0	0	809	0	0	0	0	0
Precinct 7638 - Election Day	0	0	1,467	0	0	0	0	0
Precinct 7638 - Vote By Mail	0	0	1,467	0	0	0	0	0
Precinct 7639 - Election Day	0	0	1,011	0	0	0	0	0
Precinct 7639 - Vote By Mail	0	0	1,011	0	0	0	0	0
Precinct 7641 - Election Day	0	0	972	0	0	0	0	0
Precinct 7641 - Vote By Mail	0	0	972	0	0	0	0	0
Precinct 7642 - Election Day	0	0	937	0	0	0	0	0
Precinct 7642 - Vote By Mail	0	0	937	0	0	0	0	0
Precinct 7643 - Election Day	0	0	920	0	0	0	0	0
Precinct 7643 - Vote By Mail	0	0	920	0	0	0	0	0
Precinct 7644 - Election Day	0	0	1,175	0	0	0	0	0
Precinct 7644 - Vote By Mail	0	0	1,175	0	0	0	0	0
Precinct 7645 - Election Day	0	0	640	0	0	0	0	0
Precinct 7645 - Vote By Mail	0	0	640	0	0	0	0	0
Precinct 7646 - Election Day	0	0	1,100	0	0	0	0	0
Precinct 7646 - Vote By Mail	0	0	1,100	0	0	0	0	0
Precinct 7647 - Election Day	0	0	1,075	0	0	0	0	0
Precinct 7647 - Vote By Mail	0	0	1,075	0	0	0	0	0
Precinct 7648 MB - Vote By Mail	0	0	1	0	0	0	0	0
Precinct 7649 - Election Day	0	0	891	0	0	0	0	0
Precinct 7649 - Vote By Mail	0	0	891	0	0	0	0	0
Precinct 7651 - Election Day	0	0	677	0	0	0	0	0
Precinct 7651 - Vote By Mail	0	0	677	0	0	0	0	0
Precinct 7652 - Election Day	0	0	628	0	0	0	0	0
Precinct 7652 - Vote By Mail	0	0	628	0	0	0	0	0
Precinct 7653 - Election Day	0	0	1,280	0	0	0	0	0
Precinct 7653 - Vote By Mail	0	0	1,280	0	0	0	0	0
Precinct 7701 - Election Day	0	0	1,064	0	0	0	0	0
Precinct 7701 - Vote By Mail	0	0	1,064	0	0	0	0	0
Precinct 7702 - Election Day	0	0	748	0	0	0	0	0
Precinct 7702 - Vote By Mail	0	0	748	0	0	0	0	0
Precinct 7703 MB - Vote By Mail	0	0	171	0	0	0	0	0
Precinct 7704 - Election Day	0	0	1,008	0	0	0	0	0
Precinct 7704 - Vote By Mail	0	0	1,008	0	0	0	0	0
Precinct 7705 - Election Day	0	0	568	0	0	0	0	0
Precinct 7705 - Vote By Mail	0	0	568	0	0	0	0	0
Precinct 7706 - Election Day	0	0	840	0	0	0	0	0
Precinct 7706 - Vote By Mail	0	0	840	0	0	0	0	0
Precinct 7707 - Election Day	0	0	857	0	0	0	0	0
Precinct 7707 - Vote By Mail	0	0	857	0	0	0	0	0
Precinct 7708 - Election Day	0	0	871	0	0	0	0	0
Precinct 7708 - Vote By Mail	0	0	871	0	0	0	0	0
Precinct 7709 - Election Day	0	0	391	0	0	0	0	0
Precinct 7709 - Vote By Mail	0	0	391	0	0	0	0	0
Precinct 7711 - Election Day	0	0	766	0	0	0	0	0
Precinct 7711 - Vote By Mail	0	0	766	0	0	0	0	0
Precinct 7712 - Election Day	0	0	529	0	0	0	0	0
Precinct 7712 - Vote By Mail	0	0	529	0	0	0	0	0
Precinct 7801 - Election Day	0	0	1,001	0	0	0	0	0
Precinct 7801 - Vote By Mail	0	0	1,001	0	0	0	0	0
Precinct 7802 - Election Day	0	0	788	0	0	0	0	0
Precinct 7802 - Vote By Mail	0	0	788	0	0	0	0	0
Precinct 7803 - Election Day	0	0	828	0	0	0	0	0
Precinct 7803 - Vote By Mail	0	0	828	0	0	0	0	0
Precinct 7804 - Election Day	0	0	893	0	0	0	0	0
Precinct 7804 - Vote By Mail	0	0	893	0	0	0	0	0
Precinct 7805 - Election Day	0	0	825	0	0	0	0	0
Precinct 7805 - Vote By Mail	0	0	825	0	0	0	0	0
Precinct 7806 - Election Day	0	0	716	0	0	0	0	0
Precinct 7806 - Vote By Mail	0	0	716	0	0	0	0	0
Precinct 7807 - Election Day	0	0	844	0	0	0	0	0
Precinct 7807 - Vote By Mail	0	0	844	0	0	0	0	0
Precinct 7808 - Election Day	0	0	655	0	0	0	0	0
Precinct 7808 - Vote By Mail	0	0	655	0	0	0	0	0
Precinct 7809 - Election Day	0	0	781	0	0	0	0	0
Precinct 7809 - Vote By Mail	0	0	781	0	0	0	0	0
Precinct 7811 - Election Day	0	0	783	0	0	0	0	0
Precinct 7811 - Vote By Mail	0	0	783	0	0	0	0	0
Precinct 7812 - Election Day	0	0	877	0	0	0	0	0
Precinct 7812 - Vote By Mail	0	0	877	0	0	0	0	0
Precinct 7813 - Election Day	0	0	1,064	0	0	0	0	0
Precinct 7813 - Vote By Mail	0	0	1,064	0	0	0	0	0
Precinct 7814 - Election Day	0	0	936	0	0	0	0	0
Precinct 7814 - Vote By Mail	0	0	936	0	0	0	0	0
Precinct 7815 - Election Day	0	0	954	0	0	0	0	0
Precinct 7815 - Vote By Mail	0	0	954	0	0	0	0	0
Precinct 7816 - Election Day	0	0	865	0	0	0	0	0
Precinct 7816 - Vote By Mail	0	0	865	0	0	0	0	0
Precinct 7817 - Election Day	0	0	823	0	0	0	0	0
Precinct 7817 - Vote By Mail	0	0	823	0	0	0	0	0
Precinct 7818 - Election Day	0	0	860	0	0	0	0	0
Precinct 7818 - Vote By Mail	0	0	860	0	0	0	0	0
Precinct 7819 - Election Day	0	0	793	0	0	0	0	0
Precinct 7819 - Vote By Mail	0	0	793	0	0	0	0	0
Precinct 7821 - Election Day	0	0	985	0	0	0	0	0
Precinct 7821 - Vote By Mail	0	0	985	0	0	0	0	0
Precinct 7822 - Election Day	0	0	908	0	0	0	0	0
Precinct 7822 - Vote By Mail	0	0	908	0	0	0	0	0
Precinct 7823 - Election Day	0	0	879	0	0	0	0	0
Precinct 7823 - Vote By Mail	0	0	879	0	0	0	0	0
Precinct 7824 - Election Day	0	0	768	0	0	0	0	0
Precinct 7824 - Vote By Mail	0	0	768	0	0	0	0	0
Precinct 7825 - Election Day	0	0	597	0	0	0	0	0
Precinct 7825 - Vote By Mail	0	0	597	0	0	0	0	0
Precinct 7826 - Election Day	0	0	684	0	0	0	0	0
Precinct 7826 - Vote By Mail	0	0	684	0	0	0	0	0
Precinct 7827 - Election Day	0	0	831	0	0	0	0	0
Precinct 7827 - Vote By Mail	0	0	831	0	0	0	0	0
Precinct 7828 - Election Day	0	0	1,018	0	0	0	0	0
Precinct 7828 - Vote By Mail	0	0	1,018	0	0	0	0	0
Precinct 7829 - Election Day	0	0	907	0	0	0	0	0
Precinct 7829 - Vote By Mail	0	0	907	0	0	0	0	0
Precinct 7831 - Election Day	0	0	882	0	0	0	0	0
Precinct 7831 - Vote By Mail	0	0	882	0	0	0	0	0
Precinct 7832 - Election Day	0	0	780	0	0	0	0	0
Precinct 7832 - Vote By Mail	0	0	780	0	0	0	0	0
Precinct 7833 - Election Day	0	0	747	0	0	0	0	0
Precinct 7833 - Vote By Mail	0	0	747	0	0	0	0	0
Precinct 7834 - Election Day	0	0	867	0	0	0	0	0
Precinct 7834 - Vote By Mail	0	0	867	0	0	0	0	0
Precinct 7835 - Election Day	0	0	847	0	0	0	0	0
Precinct 7835 - Vote By Mail	0	0	847	0	0	0	0	0
Precinct 7836 - Election Day	0	0	1,023	0	0	0	0	0
Precinct 7836 - Vote By Mail	0	0	1,023	0	0	0	0	0
Precinct 7837 - Election Day	0	0	911	0	0	0	0	0
Precinct 7837 - Vote By Mail	0	0	911	0	0	0	0	0
Precinct 7838 - Election Day	0	0	926	0	0	0	0	0
Precinct 7838 - Vote By Mail	0	0	926	0	0	0	0	0
Precinct 7839 - Election Day	0	0	842	0	0	0	0	0
Precinct 7839 - Vote By Mail	0	0	842	0	0	0	0	0
Precinct 7841 - Election Day	0	0	937	0	0	0	0	0
Precinct 7841 - Vote By Mail	0	0	937	0	0	0	0	0
Precinct 7842 - Election Day	0	0	903	0	0	0	0	0
Precinct 7842 - Vote By Mail	0	0	903	0	0	0	0	0
Precinct 7843 - Election Day	0	0	767	0	0	0	0	0
Precinct 7843 - Vote By Mail	0	0	767	0	0	0	0	0
Precinct 7844 - Election Day	0	0	663	0	0	0	0	0
Precinct 7844 - Vote By Mail	0	0	663	0	0	0	0	0
Precinct 7845 - Election Day	0	0	849	0	0	0	0	0
Precinct 7845 - Vote By Mail	0	0	849	0	0	0	0	0
Precinct 7846 - Election Day	0	0	904	0	0	0	0	0
Precinct 7846 - Vote By Mail	0	0	904	0	0	0	0	0
Precinct 7847 - Election Day	0	0	929	0	0	0	0	0
Precinct 7847 - Vote By Mail	0	0	929	0	0	0	0	0
Precinct 7848 - Election Day	0	0	834	0	0	0	0	0
Precinct 7848 - Vote By Mail	0	0	834	0	0	0	0	0
Precinct 7849 - Election Day	0	0	929	0	0	0	0	0
Precinct 7849 - Vote By Mail	0	0	929	0	0	0	0	0
Precinct 7851 - Election Day	0	0	513	0	0	0	0	0
Precinct 7851 - Vote By Mail	0	0	513	0	0	0	0	0
Precinct 7852 - Election Day	0	0	647	0	0	0	0	0
Precinct 7852 - Vote By Mail	0	0	647	0	0	0	0	0
Precinct 7853 - Election Day	0	0	850	0	0	0	0	0
Precinct 7853 - Vote By Mail	0	0	850	0	0	0	0	0
Precinct 7854 - Election Day	0	0	894	0	0	0	0	0
Precinct 7854 - Vote By Mail	0	0	894	0	0	0	0	0
Precinct 7855 - Election Day	0	0	986	0	0	0	0	0
Precinct 7855 - Vote By Mail	0	0	986	0	0	0	0	0
Precinct 7856 - Election Day	0	0	800	0	0	0	0	0
Precinct 7856 - Vote By Mail	0	0	800	0	0	0	0	0
Precinct 7857 - Election Day	0	0	933	0	0	0	0	0
Precinct 7857 - Vote By Mail	0	0	933	0	0	0	0	0
Precinct 7858 - Election Day	0	0	775	0	0	0	0	0
Precinct 7858 - Vote By Mail	0	0	775	0	0	0	0	0
Precinct 7859 - Election Day	0	0	891	0	0	0	0	0
Precinct 7859 - Vote By Mail	0	0	891	0	0	0	0	0
Precinct 7861 - Election Day	0	0	859	0	0	0	0	0
Precinct 7861 - Vote By Mail	0	0	859	0	0	0	0	0
Precinct 7862 - Election Day	0	0	866	0	0	0	0	0
Precinct 7862 - Vote By Mail	0	0	866	0	0	0	0	0
Precinct 7863 - Election Day	0	0	907	0	0	0	0	0
Precinct 7863 - Vote By Mail	0	0	907	0	0	0	0	0
Precinct 7864 - Election Day	0	0	807	0	0	0	0	0
Precinct 7864 - Vote By Mail	0	0	807	0	0	0	0	0
Precinct 7865 - Election Day	0	0	823	0	0	0	0	0
Precinct 7865 - Vote By Mail	0	0	823	0	0	0	0	0
Precinct 7866 - Election Day	0	0	836	0	0	0	0	0
Precinct 7866 - Vote By Mail	0	0	836	0	0	0	0	0
Precinct 7867 - Election Day	0	0	955	0	0	0	0	0
Precinct 7867 - Vote By Mail	0	0	955	0	0	0	0	0
Precinct 7868 - Election Day	0	0	881	0	0	0	0	0
Precinct 7868 - Vote By Mail	0	0	881	0	0	0	0	0
Precinct 7869 - Election Day	0	0	867	0	0	0	0	0
Precinct 7869 - Vote By Mail	0	0	867	0	0	0	0	0
Precinct 7871 - Election Day	0	0	900	0	0	0	0	0
Precinct 7871 - Vote By Mail	0	0	900	0	0	0	0	0
Precinct 7872 - Election Day	0	0	862	0	0	0	0	0
Precinct 7872 - Vote By Mail	0	0	862	0	0	0	0	0
Precinct 7873 - Election Day	0	0	861	0	0	0	0	0
Precinct 7873 - Vote By Mail	0	0	861	0	0	0	0	0
Precinct 7874 - Election Day	0	0	477	0	0	0	0	0
Precinct 7874 - Vote By Mail	0	0	477	0	0	0	0	0
Precinct 7875 - Election Day	0	0	623	0	0	0	0	0
Precinct 7875 - Vote By Mail	0	0	623	0	0	0	0	0
Precinct 7876 - Election Day	0	0	498	0	0	0	0	0
Precinct 7876 - Vote By Mail	0	0	498	0	0	0	0	0
Precinct 7901 - Election Day	0	0	522	0	0	0	0	0
Precinct 7901 - Vote By Mail	0	0	522	0	0	0	0	0
Precinct 7902 - Election Day	0	0	968	0	0	0	0	0
Precinct 7902 - Vote By Mail	0	0	968	0	0	0	0	0
Precinct 7903 - Election Day	0	0	840	0	0	0	0	0
Precinct 7903 - Vote By Mail	0	0	840	0	0	0	0	0
Precinct 7904 - Election Day	0	0	877	0	0	0	0	0
Precinct 7904 - Vote By Mail	0	0	877	0	0	0	0	0
Precinct 7905 - Election Day	0	0	851	0	0	0	0	0
Precinct 7905 - Vote By Mail	0	0	851	0	0	0	0	0
Precinct 7906 - Election Day	0	0	787	0	0	0	0	0
Precinct 7906 - Vote By Mail	0	0	787	0	0	0	0	0
Precinct 7907 - Election Day	0	0	950	0	0	0	0	0
Precinct 7907 - Vote By Mail	0	0	950	0	0	0	0	0
Precinct 7908 - Election Day	0	0	949	0	0	0	0	0
Precinct 7908 - Vote By Mail	0	0	949	0	0	0	0	0
Precinct 7909 - Election Day	0	0	733	0	0	0	0	0
Precinct 7909 - Vote By Mail	0	0	733	0	0	0	0	0
Precinct 7911 - Election Day	0	0	860	0	0	0	0	0
Precinct 7911 - Vote By Mail	0	0	860	0	0	0	0	0
Precinct 7912 - Election Day	0	0	1,065	0	0	0	0	0
Precinct 7912 - Vote By Mail	0	0	1,065	0	0	0	0	0
Precinct 7913 - Election Day	0	0	913	0	0	0	0	0
Precinct 7913 - Vote By Mail	0	0	913	0	0	0	0	0
Precinct 7914 - Election Day	0	0	883	0	0	0	0	0
Precinct 7914 - Vote By Mail	0	0	883	0	0	0	0	0
Precinct 7915 - Election Day	0	0	831	0	0	0	0	0
Precinct 7915 - Vote By Mail	0	0	831	0	0	0	0	0
Precinct 7916 - Election Day	0	0	888	0	0	0	0	0
Precinct 7916 - Vote By Mail	0	0	888	0	0	0	0	0
Precinct 7917 - Election Day	0	0	1,015	0	0	0	0	0
Precinct 7917 - Vote By Mail	0	0	1,015	0	0	0	0	0
Precinct 7918 - Election Day	0	0	836	0	0	0	0	0
Precinct 7918 - Vote By Mail	0	0	836	0	0	0	0	0
Precinct 7919 - Election Day	0	0	895	0	0	0	0	0
Precinct 7919 - Vote By Mail	0	0	895	0	0	0	0	0
Precinct 7921 - Election Day	0	0	917	0	0	0	0	0
Precinct 7921 - Vote By Mail	0	0	917	0	0	0	0	0
Precinct 7922 - Election Day	0	0	831	0	0	0	0	0
Precinct 7922 - Vote By Mail	0	0	831	0	0	0	0	0
Precinct 7923 - Election Day	0	0	885	0	0	0	0	0
Precinct 7923 - Vote By Mail	0	0	885	0	0	0	0	0
Precinct 7924 - Election Day	0	0	842	0	0	0	0	0
Precinct 7924 - Vote By Mail	0	0	842	0	0	0	0	0
Precinct 7925 - Election Day	0	0	567	0	0	0	0	0
Precinct 7925 - Vote By Mail	0	0	567	0	0	0	0	0
Precinct 7926 - Election Day	0	0	795	0	0	0	0	0
Precinct 7926 - Vote By Mail	0	0	795	0	0	0	0	0
Precinct 7927 - Election Day	0	0	747	0	0	0	0	0
Precinct 7927 - Vote By Mail	0	0	747	0	0	0	0	0
Precinct 7928 - Election Day	0	0	931	0	0	0	0	0
Precinct 7928 - Vote By Mail	0	0	931	0	0	0	0	0
Precinct 7929 - Election Day	0	0	864	0	0	0	0	0
Precinct 7929 - Vote By Mail	0	0	864	0	0	0	0	0
Precinct 7931 - Election Day	0	0	738	0	0	0	0	0
Precinct 7931 - Vote By Mail	0	0	738	0	0	0	0	0
Precinct 7932 - Election Day	0	0	551	0	0	0	0	0
Precinct 7932 - Vote By Mail	0	0	551	0	0	0	0	0
Precinct 7933 MB - Vote By Mail	0	0	6	0	0	0	0	0
Precinct 7934 - Election Day	0	0	890	0	0	0	0	0
Precinct 7934 - Vote By Mail	0	0	890	0	0	0	0	0
Precinct 7935 - Election Day	0	0	970	0	0	0	0	0
Precinct 7935 - Vote By Mail	0	0	970	0	0	0	0	0
Precinct 7936 - Election Day	0	0	856	0	0	0	0	0
Precinct 7936 - Vote By Mail	0	0	856	0	0	0	0	0
Precinct 7937 - Election Day	0	0	886	0	0	0	0	0
Precinct 7937 - Vote By Mail	0	0	886	0	0	0	0	0
Precinct 7938 - Election Day	0	0	788	0	0	0	0	0
Precinct 7938 - Vote By Mail	0	0	788	0	0	0	0	0
Precinct 7939 - Election Day	0	0	688	0	0	0	0	0
Precinct 7939 - Vote By Mail	0	0	688	0	0	0	0	0
Precinct 7941 - Election Day	0	0	751	0	0	0	0	0
Precinct 7941 - Vote By Mail	0	0	751	0	0	0	0	0
Precinct 7942 - Election Day	0	0	914	0	0	0	0	0
Precinct 7942 - Vote By Mail	0	0	914	0	0	0	0	0
Precinct 7943 - Election Day	0	0	872	0	0	0	0	0
Precinct 7943 - Vote By Mail	0	0	872	0	0	0	0	0
Precinct 7944 - Election Day	0	0	801	0	0	0	0	0
Precinct 7944 - Vote By Mail	0	0	801	0	0	0	0	0
Precinct 7945 - Election Day	0	0	915	0	0	0	0	0
Precinct 7945 - Vote By Mail	0	0	915	0	0	0	0	0
Precinct 7946 - Election Day	0	0	945	0	0	0	0	0
Precinct 7946 - Vote By Mail	0	0	945	0	0	0	0	0
Precinct 7947 - Election Day	0	0	946	0	0	0	0	0
Precinct 7947 - Vote By Mail	0	0	946	0	0	0	0	0
Precinct 7948 - Election Day	0	0	928	0	0	0	0	0
Precinct 7948 - Vote By Mail	0	0	928	0	0	0	0	0
Precinct 7949 - Election Day	0	0	569	0	0	0	0	0
Precinct 7949 - Vote By Mail	0	0	569	0	0	0	0	0
Precinct 7951 - Election Day	0	0	854	0	0	0	0	0
Precinct 7951 - Vote By Mail	0	0	854	0	0	0	0	0
Precinct 7952 - Election Day	0	0	866	0	0	0	0	0
Precinct 7952 - Vote By Mail	0	0	866	0	0	0	0	0
Precinct 7953 - Election Day	0	0	824	0	0	0	0	0
Precinct 7953 - Vote By Mail	0	0	824	0	0	0	0	0
Precinct 7955 - Election Day	0	0	902	0	0	0	0	0
Precinct 7955 - Vote By Mail	0	0	902	0	0	0	0	0
Precinct 7956 - Election Day	0	0	823	0	0	0	0	0
Precinct 7956 - Vote By Mail	0	0	823	0	0	0	0	0
Precinct 7957 - Election Day	0	0	646	0	0	0	0	0
Precinct 7957 - Vote By Mail	0	0	646	0	0	0	0	0
Precinct 7958 MB - Vote By Mail	0	0	290	0	0	0	0	0
Precinct 7959 - Election Day	0	0	727	0	0	0	0	0
Precinct 7959 - Vote By Mail	0	0	727	0	0	0	0	0
Precinct 9001 MB - Vote By Mail	0	0	273	0	0	0	0	0
Precinct 9101 - Election Day	0	0	888	0	0	0	0	0
Precinct 9101 - Vote By Mail	0	0	888	0	0	0	0	0
Precinct 9102 - Election Day	0	0	985	0	0	0	0	0
Precinct 9102 - Vote By Mail	0	0	985	0	0	0	0	0
Precinct 9103 - Election Day	0	0	954	0	0	0	0	0
Precinct 9103 - Vote By Mail	0	0	954	0	0	0	0	0
Precinct 9104 - Election Day	0	0	988	0	0	0	0	0
Precinct 9104 - Vote By Mail	0	0	988	0	0	0	0	0
Precinct 9105 - Election Day	0	0	919	0	0	0	0	0
Precinct 9105 - Vote By Mail	0	0	919	0	0	0	0	0
Precinct 9106 - Election Day	0	0	937	0	0	0	0	0
Precinct 9106 - Vote By Mail	0	0	937	0	0	0	0	0
Precinct 9107 - Election Day	0	0	849	0	0	0	0	0
Precinct 9107 - Vote By Mail	0	0	849	0	0	0	0	0
Precinct 9108 - Election Day	0	0	790	0	0	0	0	0
Precinct 9108 - Vote By Mail	0	0	790	0	0	0	0	0
Precinct 9109 - Election Day	0	0	884	0	0	0	0	0
Precinct 9109 - Vote By Mail	0	0	884	0	0	0	0	0
Precinct 9111 - Election Day	0	0	779	0	0	0	0	0
Precinct 9111 - Vote By Mail	0	0	779	0	0	0	0	0
Precinct 9112 - Election Day	0	0	976	0	0	0	0	0
Precinct 9112 - Vote By Mail	0	0	976	0	0	0	0	0
Precinct 9113 - Election Day	0	0	999	0	0	0	0	0
Precinct 9113 - Vote By Mail	0	0	999	0	0	0	0	0
Precinct 9114 - Election Day	0	0	877	0	0	0	0	0
Precinct 9114 - Vote By Mail	0	0	877	0	0	0	0	0
Precinct 9115 - Election Day	0	0	911	0	0	0	0	0
Precinct 9115 - Vote By Mail	0	0	911	0	0	0	0	0
Precinct 9116 - Election Day	0	0	944	0	0	0	0	0
Precinct 9116 - Vote By Mail	0	0	944	0	0	0	0	0
Precinct 9117 - Election Day	0	0	783	0	0	0	0	0
Precinct 9117 - Vote By Mail	0	0	783	0	0	0	0	0
Precinct 9118 - Election Day	0	0	974	0	0	0	0	0
Precinct 9118 - Vote By Mail	0	0	974	0	0	0	0	0
Precinct 9119 - Election Day	0	0	891	0	0	0	0	0
Precinct 9119 - Vote By Mail	0	0	891	0	0	0	0	0
Precinct 9121 - Election Day	0	0	930	0	0	0	0	0
Precinct 9121 - Vote By Mail	0	0	930	0	0	0	0	0
Precinct 9122 - Election Day	0	0	953	0	0	0	0	0
Precinct 9122 - Vote By Mail	0	0	953	0	0	0	0	0
Precinct 9123 - Election Day	0	0	858	0	0	0	0	0
Precinct 9123 - Vote By Mail	0	0	858	0	0	0	0	0
Precinct 9124 - Election Day	0	0	874	0	0	0	0	0
Precinct 9124 - Vote By Mail	0	0	874	0	0	0	0	0
Precinct 9125 - Election Day	0	0	861	0	0	0	0	0
Precinct 9125 - Vote By Mail	0	0	861	0	0	0	0	0
Precinct 9126 - Election Day	0	0	1,015	0	0	0	0	0
Precinct 9126 - Vote By Mail	0	0	1,015	0	0	0	0	0
Precinct 9127 - Election Day	0	0	960	0	0	0	0	0
Precinct 9127 - Vote By Mail	0	0	960	0	0	0	0	0
Precinct 9128 - Election Day	0	0	828	0	0	0	0	0
Precinct 9128 - Vote By Mail	0	0	828	0	0	0	0	0
Precinct 9129 - Election Day	0	0	741	0	0	0	0	0
Precinct 9129 - Vote By Mail	0	0	741	0	0	0	0	0
Precinct 9131 - Election Day	0	0	759	0	0	0	0	0
Precinct 9131 - Vote By Mail	0	0	759	0	0	0	0	0
Precinct 9132 - Election Day	0	0	837	0	0	0	0	0
Precinct 9132 - Vote By Mail	0	0	837	0	0	0	0	0
Precinct 9133 - Election Day	0	0	1,021	0	0	0	0	0
Precinct 9133 - Vote By Mail	0	0	1,021	0	0	0	0	0
Precinct 9134 - Election Day	0	0	893	0	0	0	0	0
Precinct 9134 - Vote By Mail	0	0	893	0	0	0	0	0
Precinct 9135 - Election Day	0	0	808	0	0	0	0	0
Precinct 9135 - Vote By Mail	0	0	808	0	0	0	0	0
Precinct 9136 - Election Day	0	0	929	0	0	0	0	0
Precinct 9136 - Vote By Mail	0	0	929	0	0	0	0	0
Precinct 9137 - Election Day	0	0	1,006	0	0	0	0	0
Precinct 9137 - Vote By Mail	0	0	1,006	0	0	0	0	0
Precinct 9138 - Election Day	0	0	943	0	0	0	0	0
Precinct 9138 - Vote By Mail	0	0	943	0	0	0	0	0
Precinct 9139 - Election Day	0	0	975	0	0	0	0	0
Precinct 9139 - Vote By Mail	0	0	975	0	0	0	0	0
Precinct 9141 - Election Day	0	0	953	0	0	0	0	0
Precinct 9141 - Vote By Mail	0	0	953	0	0	0	0	0
Precinct 9142 - Election Day	0	0	966	0	0	0	0	0
Precinct 9142 - Vote By Mail	0	0	966	0	0	0	0	0
Precinct 9143 - Election Day	0	0	920	0	0	0	0	0
Precinct 9143 - Vote By Mail	0	0	920	0	0	0	0	0
Precinct 9144 - Election Day	0	0	962	0	0	0	0	0
Precinct 9144 - Vote By Mail	0	0	962	0	0	0	0	0
Precinct 9145 - Election Day	0	0	861	0	0	0	0	0
Precinct 9145 - Vote By Mail	0	0	861	0	0	0	0	0
Precinct 9146 - Election Day	0	0	885	0	0	0	0	0
Precinct 9146 - Vote By Mail	0	0	885	0	0	0	0	0
Precinct 9147 - Election Day	0	0	971	0	0	0	0	0
Precinct 9147 - Vote By Mail	0	0	971	0	0	0	0	0
Precinct 9148 - Election Day	0	0	1,034	0	0	0	0	0
Precinct 9148 - Vote By Mail	0	0	1,034	0	0	0	0	0
Precinct 9149 - Election Day	0	0	948	0	0	0	0	0
Precinct 9149 - Vote By Mail	0	0	948	0	0	0	0	0
Precinct 9151 - Election Day	0	0	872	0	0	0	0	0
Precinct 9151 - Vote By Mail	0	0	872	0	0	0	0	0
Precinct 9152 - Election Day	0	0	721	0	0	0	0	0
Precinct 9152 - Vote By Mail	0	0	721	0	0	0	0	0
Precinct 9201 - Election Day	0	0	1,004	0	0	0	0	0
Precinct 9201 - Vote By Mail	0	0	1,004	0	0	0	0	0
Precinct 9202 - Election Day	0	0	971	0	0	0	0	0
Precinct 9202 - Vote By Mail	0	0	971	0	0	0	0	0
Precinct 9203 - Election Day	0	0	1,002	0	0	0	0	0
Precinct 9203 - Vote By Mail	0	0	1,002	0	0	0	0	0
Precinct 9204 - Election Day	0	0	873	0	0	0	0	0
Precinct 9204 - Vote By Mail	0	0	873	0	0	0	0	0
Precinct 9205 - Election Day	0	0	728	0	0	0	0	0
Precinct 9205 - Vote By Mail	0	0	728	0	0	0	0	0
Precinct 9206 - Election Day	0	0	931	0	0	0	0	0
Precinct 9206 - Vote By Mail	0	0	931	0	0	0	0	0
Precinct 9207 - Election Day	0	0	981	0	0	0	0	0
Precinct 9207 - Vote By Mail	0	0	981	0	0	0	0	0
Precinct 9208 - Election Day	0	0	1,002	0	0	0	0	0
Precinct 9208 - Vote By Mail	0	0	1,002	0	0	0	0	0
Precinct 9209 - Election Day	0	0	711	0	0	0	0	0
Precinct 9209 - Vote By Mail	0	0	711	0	0	0	0	0
Precinct 9211 - Election Day	0	0	889	0	0	0	0	0
Precinct 9211 - Vote By Mail	0	0	889	0	0	0	0	0
Precinct 9212 - Election Day	0	0	803	0	0	0	0	0
Precinct 9212 - Vote By Mail	0	0	803	0	0	0	0	0
Precinct 9213 - Election Day	0	0	951	0	0	0	0	0
Precinct 9213 - Vote By Mail	0	0	951	0	0	0	0	0
Precinct 9214 - Election Day	0	0	640	0	0	0	0	0
Precinct 9214 - Vote By Mail	0	0	640	0	0	0	0	0
Precinct 9215 - Election Day	0	0	652	0	0	0	0	0
Precinct 9215 - Vote By Mail	0	0	652	0	0	0	0	0
Precinct 9216 - Election Day	0	0	845	0	0	0	0	0
Precinct 9216 - Vote By Mail	0	0	845	0	0	0	0	0
Precinct 9217 - Election Day	0	0	698	0	0	0	0	0
Precinct 9217 - Vote By Mail	0	0	698	0	0	0	0	0
Precinct 9218 - Election Day	0	0	841	0	0	0	0	0
Precinct 9218 - Vote By Mail	0	0	841	0	0	0	0	0
Precinct 9219 - Election Day	0	0	802	0	0	0	0	0
Precinct 9219 - Vote By Mail	0	0	802	0	0	0	0	0
Precinct 9221 - Election Day	0	0	651	0	0	0	0	0
Precinct 9221 - Vote By Mail	0	0	651	0	0	0	0	0
Precinct 9222 - Election Day	0	0	883	0	0	0	0	0
Precinct 9222 - Vote By Mail	0	0	883	0	0	0	0	0
Precinct 9223 - Election Day	0	0	638	0	0	0	0	0
Precinct 9223 - Vote By Mail	0	0	638	0	0	0	0	0
Precinct 9224 - Election Day	0	0	960	0	0	0	0	0
Precinct 9224 - Vote By Mail	0	0	960	0	0	0	0	0
Precinct 9225 - Election Day	0	0	958	0	0	0	0	0
Precinct 9225 - Vote By Mail	0	0	958	0	0	0	0	0
Precinct 9226 - Election Day	0	0	926	0	0	0	0	0
Precinct 9226 - Vote By Mail	0	0	926	0	0	0	0	0
Precinct 9227 - Election Day	0	0	738	0	0	0	0	0
Precinct 9227 - Vote By Mail	0	0	738	0	0	0	0	0
Precinct 9228 - Election Day	0	0	747	0	0	0	0	0
Precinct 9228 - Vote By Mail	0	0	747	0	0	0	0	0
Precinct 9229 - Election Day	0	0	598	0	0	0	0	0
Precinct 9229 - Vote By Mail	0	0	598	0	0	0	0	0
Precinct 9231 - Election Day	0	0	953	0	0	0	0	0
Precinct 9231 - Vote By Mail	0	0	953	0	0	0	0	0
Precinct 9232 - Election Day	0	0	735	0	0	0	0	0
Precinct 9232 - Vote By Mail	0	0	735	0	0	0	0	0
Precinct 9233 - Election Day	0	0	793	0	0	0	0	0
Precinct 9233 - Vote By Mail	0	0	793	0	0	0	0	0
Precinct 9234 - Election Day	0	0	746	0	0	0	0	0
Precinct 9234 - Vote By Mail	0	0	746	0	0	0	0	0
Precinct 9235 - Election Day	0	0	884	0	0	0	0	0
Precinct 9235 - Vote By Mail	0	0	884	0	0	0	0	0
Precinct 9236 - Election Day	0	0	683	0	0	0	0	0
Precinct 9236 - Vote By Mail	0	0	683	0	0	0	0	0
Precinct 9237 - Election Day	0	0	936	0	0	0	0	0
Precinct 9237 - Vote By Mail	0	0	936	0	0	0	0	0
Precinct 9238 - Election Day	0	0	842	0	0	0	0	0
Precinct 9238 - Vote By Mail	0	0	842	0	0	0	0	0
Precinct 9239 - Election Day	0	0	881	0	0	0	0	0
Precinct 9239 - Vote By Mail	0	0	881	0	0	0	0	0
Precinct 9241 - Election Day	0	0	1,005	0	0	0	0	0
Precinct 9241 - Vote By Mail	0	0	1,005	0	0	0	0	0
Precinct 9242 - Election Day	0	0	972	0	0	0	0	0
Precinct 9242 - Vote By Mail	0	0	972	0	0	0	0	0
Precinct 9243 - Election Day	0	0	594	0	0	0	0	0
Precinct 9243 - Vote By Mail	0	0	594	0	0	0	0	0
Precinct 9244 - Election Day	0	0	903	0	0	0	0	0
Precinct 9244 - Vote By Mail	0	0	903	0	0	0	0	0
Precinct 9245 - Election Day	0	0	742	0	0	0	0	0
Precinct 9245 - Vote By Mail	0	0	742	0	0	0	0	0
Precinct 9246 - Election Day	0	0	929	0	0	0	0	0
Precinct 9246 - Vote By Mail	0	0	929	0	0	0	0	0
Precinct 9247 - Election Day	0	0	927	0	0	0	0	0
Precinct 9247 - Vote By Mail	0	0	927	0	0	0	0	0
Precinct 9248 - Election Day	0	0	907	0	0	0	0	0
Precinct 9248 - Vote By Mail	0	0	907	0	0	0	0	0
Precinct 9249 - Election Day	0	0	917	0	0	0	0	0
Precinct 9249 - Vote By Mail	0	0	917	0	0	0	0	0
Precinct 9251 - Election Day	0	0	995	0	0	0	0	0
Precinct 9251 - Vote By Mail	0	0	995	0	0	0	0	0
Precinct 9252 - Election Day	0	0	944	0	0	0	0	0
Precinct 9252 - Vote By Mail	0	0	944	0	0	0	0	0
Precinct 9253 - Election Day	0	0	772	0	0	0	0	0
Precinct 9253 - Vote By Mail	0	0	772	0	0	0	0	0
Precinct 9254 - Election Day	0	0	935	0	0	0	0	0
Precinct 9254 - Vote By Mail	0	0	935	0	0	0	0	0
Precinct 9255 - Election Day	0	0	553	0	0	0	0	0
Precinct 9255 - Vote By Mail	0	0	553	0	0	0	0	0
Precinct 9256 - Election Day	0	0	474	0	0	0	0	0
Precinct 9256 - Vote By Mail	0	0	474	0	0	0	0	0
Precinct 9257 MB - Vote By Mail	0	0	321	0	0	0	0	0
Precinct 9258 - Election Day	0	0	712	0	0	0	0	0
Precinct 9258 - Vote By Mail	0	0	712	0	0	0	0	0
Precinct 9401 - Election Day	0	0	1,012	0	0	0	0	0
Precinct 9401 - Vote By Mail	0	0	1,012	0	0	0	0	0
Precinct 9402 - Election Day	0	0	977	0	0	0	0	0
Precinct 9402 - Vote By Mail	0	0	977	0	0	0	0	0
Precinct 9403 - Election Day	0	0	897	0	0	0	0	0
Precinct 9403 - Vote By Mail	0	0	897	0	0	0	0	0
Precinct 9404 - Election Day	0	0	930	0	0	0	0	0
Precinct 9404 - Vote By Mail	0	0	930	0	0	0	0	0
Precinct 9405 - Election Day	0	0	786	0	0	0	0	0
Precinct 9405 - Vote By Mail	0	0	786	0	0	0	0	0
Precinct 9406 - Election Day	0	0	868	0	0	0	0	0
Precinct 9406 - Vote By Mail	0	0	868	0	0	0	0	0
Precinct 9407 - Election Day	0	0	889	0	0	0	0	0
Precinct 9407 - Vote By Mail	0	0	889	0	0	0	0	0
Precinct 9408 - Election Day	0	0	886	0	0	0	0	0
Precinct 9408 - Vote By Mail	0	0	886	0	0	0	0	0
Precinct 9409 - Election Day	0	0	590	0	0	0	0	0
Precinct 9409 - Vote By Mail	0	0	590	0	0	0	0	0
Precinct 9411 - Election Day	0	0	956	0	0	0	0	0
Precinct 9411 - Vote By Mail	0	0	956	0	0	0	0	0
Precinct 9412 - Election Day	0	0	848	0	0	0	0	0
Precinct 9412 - Vote By Mail	0	0	848	0	0	0	0	0
Precinct 9413 - Election Day	0	0	894	0	0	0	0	0
Precinct 9413 - Vote By Mail	0	0	894	0	0	0	0	0
Precinct 9414 - Election Day	0	0	916	0	0	0	0	0
Precinct 9414 - Vote By Mail	0	0	916	0	0	0	0	0
Precinct 9415 - Election Day	0	0	784	0	0	0	0	0
Precinct 9415 - Vote By Mail	0	0	784	0	0	0	0	0
Precinct 9416 - Election Day	0	0	1,008	0	0	0	0	0
Precinct 9416 - Vote By Mail	0	0	1,008	0	0	0	0	0
Precinct 9417 - Election Day	0	0	752	0	0	0	0	0
Precinct 9417 - Vote By Mail	0	0	752	0	0	0	0	0
Precinct 9418 - Election Day	0	0	790	0	0	0	0	0
Precinct 9418 - Vote By Mail	0	0	790	0	0	0	0	0
Precinct 9419 - Election Day	0	0	924	0	0	0	0	0
Precinct 9419 - Vote By Mail	0	0	924	0	0	0	0	0
Precinct 9421 - Election Day	0	0	906	0	0	0	0	0
Precinct 9421 - Vote By Mail	0	0	906	0	0	0	0	0
Precinct 9422 - Election Day	0	0	1,056	0	0	0	0	0
Precinct 9422 - Vote By Mail	0	0	1,056	0	0	0	0	0
Precinct 9423 - Election Day	0	0	889	0	0	0	0	0
Precinct 9423 - Vote By Mail	0	0	889	0	0	0	0	0
Precinct 9424 - Election Day	0	0	952	0	0	0	0	0
Precinct 9424 - Vote By Mail	0	0	952	0	0	0	0	0
Precinct 9425 - Election Day	0	0	933	0	0	0	0	0
Precinct 9425 - Vote By Mail	0	0	933	0	0	0	0	0
Precinct 9426 - Election Day	0	0	823	0	0	0	0	0
Precinct 9426 - Vote By Mail	0	0	823	0	0	0	0	0
Precinct 9427 - Election Day	0	0	948	0	0	0	0	0
Precinct 9427 - Vote By Mail	0	0	948	0	0	0	0	0
Precinct 9428 - Election Day	0	0	961	0	0	0	0	0
Precinct 9428 - Vote By Mail	0	0	961	0	0	0	0	0
Precinct 9429 - Election Day	0	0	899	0	0	0	0	0
Precinct 9429 - Vote By Mail	0	0	899	0	0	0	0	0
Precinct 9431 - Election Day	0	0	973	0	0	0	0	0
Precinct 9431 - Vote By Mail	0	0	973	0	0	0	0	0
Precinct 9432 - Election Day	0	0	945	0	0	0	0	0
Precinct 9432 - Vote By Mail	0	0	945	0	0	0	0	0
Precinct 9433 - Election Day	0	0	945	0	0	0	0	0
Precinct 9433 - Vote By Mail	0	0	945	0	0	0	0	0
Precinct 9434 - Election Day	0	0	979	0	0	0	0	0
Precinct 9434 - Vote By Mail	0	0	979	0	0	0	0	0
Precinct 9435 - Election Day	0	0	969	0	0	0	0	0
Precinct 9435 - Vote By Mail	0	0	969	0	0	0	0	0
Precinct 9436 - Election Day	0	0	1,006	0	0	0	0	0
Precinct 9436 - Vote By Mail	0	0	1,006	0	0	0	0	0
Precinct 9437 - Election Day	0	0	897	0	0	0	0	0
Precinct 9437 - Vote By Mail	0	0	897	0	0	0	0	0
Precinct 9438 - Election Day	0	0	948	0	0	0	0	0
Precinct 9438 - Vote By Mail	0	0	948	0	0	0	0	0
Precinct 9439 - Election Day	0	0	879	0	0	0	0	0
Precinct 9439 - Vote By Mail	0	0	879	0	0	0	0	0
Precinct 9441 - Election Day	0	0	980	0	0	0	0	0
Precinct 9441 - Vote By Mail	0	0	980	0	0	0	0	0
Precinct 9442 - Election Day	0	0	1,008	0	0	0	0	0
Precinct 9442 - Vote By Mail	0	0	1,008	0	0	0	0	0
Precinct 9443 - Election Day	0	0	937	0	0	0	0	0
Precinct 9443 - Vote By Mail	0	0	937	0	0	0	0	0
Precinct 9444 - Election Day	0	0	937	0	0	0	0	0
Precinct 9444 - Vote By Mail	0	0	937	0	0	0	0	0
Precinct 9445 - Election Day	0	0	981	0	0	0	0	0
Precinct 9445 - Vote By Mail	0	0	981	0	0	0	0	0
Precinct 9446 - Election Day	0	0	1,090	0	0	0	0	0
Precinct 9446 - Vote By Mail	0	0	1,090	0	0	0	0	0
Precinct 9447 - Election Day	0	0	906	0	0	0	0	0
Precinct 9447 - Vote By Mail	0	0	906	0	0	0	0	0
Precinct 9448 - Election Day	0	0	909	0	0	0	0	0
Precinct 9448 - Vote By Mail	0	0	909	0	0	0	0	0
Precinct 9449 - Election Day	0	0	830	0	0	0	0	0
Precinct 9449 - Vote By Mail	0	0	830	0	0	0	0	0
Precinct 9451 - Election Day	0	0	420	0	0	0	0	0
Precinct 9451 - Vote By Mail	0	0	420	0	0	0	0	0
Precinct 9452 - Election Day	0	0	840	0	0	0	0	0
Precinct 9452 - Vote By Mail	0	0	840	0	0	0	0	0
Precinct 9453 - Election Day	0	0	500	0	0	0	0	0
Precinct 9453 - Vote By Mail	0	0	500	0	0	0	0	0
Precinct 9501 MB - Vote By Mail	0	0	148	0	0	0	0	0
Precinct 9502 MB - Vote By Mail	0	0	245	0	0	0	0	0
Precinct 9503/9504 - Election Day	0	0	729	0	0	0	0	0
Precinct 9503/9504 - Vote By Mail	0	0	729	0	0	0	0	0
Precinct 9505 - Election Day	0	0	784	0	0	0	0	0
Precinct 9505 - Vote By Mail	0	0	784	0	0	0	0	0
Precinct 9506 - Election Day	0	0	766	0	0	0	0	0
Precinct 9506 - Vote By Mail	0	0	766	0	0	0	0	0
Precinct 9507 - Election Day	0	0	766	0	0	0	0	0
Precinct 9507 - Vote By Mail	0	0	766	0	0	0	0	0
Precinct 9508 - Election Day	0	0	798	0	0	0	0	0
Precinct 9508 - Vote By Mail	0	0	798	0	0	0	0	0
Precinct 9509 - Election Day	0	0	759	0	0	0	0	0
Precinct 9509 - Vote By Mail	0	0	759	0	0	0	0	0
Precinct 9511 - Election Day	0	0	622	0	0	0	0	0
Precinct 9511 - Vote By Mail	0	0	622	0	0	0	0	0
Precinct 9512 - Election Day	0	0	809	0	0	0	0	0
Precinct 9512 - Vote By Mail	0	0	809	0	0	0	0	0
Precinct 9513 - Election Day	0	0	902	0	0	0	0	0
Precinct 9513 - Vote By Mail	0	0	902	0	0	0	0	0
Precinct 9514/9522 - Election Day	0	0	928	0	0	0	0	0
Precinct 9514/9522 - Vote By Mail	0	0	928	0	0	0	0	0
Precinct 9515 - Election Day	0	0	705	0	0	0	0	0
Precinct 9515 - Vote By Mail	0	0	705	0	0	0	0	0
Precinct 9516 - Election Day	0	0	866	0	0	0	0	0
Precinct 9516 - Vote By Mail	0	0	866	0	0	0	0	0
Precinct 9517 - Election Day	0	0	801	0	0	0	0	0
Precinct 9517 - Vote By Mail	0	0	801	0	0	0	0	0
Precinct 9518 - Election Day	0	0	802	0	0	0	0	0
Precinct 9518 - Vote By Mail	0	0	802	0	0	0	0	0
Precinct 9519 - Election Day	0	0	910	0	0	0	0	0
Precinct 9519 - Vote By Mail	0	0	910	0	0	0	0	0
Precinct 9521 - Election Day	0	0	939	0	0	0	0	0
Precinct 9521 - Vote By Mail	0	0	939	0	0	0	0	0
Precinct 9701 - Election Day	0	0	671	0	0	0	0	0
Precinct 9701 - Vote By Mail	0	0	671	0	0	0	0	0
Precinct 9702 - Election Day	0	0	723	0	0	0	0	0
Precinct 9702 - Vote By Mail	0	0	723	0	0	0	0	0
Precinct 9703 - Election Day	0	0	986	0	0	0	0	0
Precinct 9703 - Vote By Mail	0	0	986	0	0	0	0	0
Precinct 9704 - Election Day	0	0	950	0	0	0	0	0
Precinct 9704 - Vote By Mail	0	0	950	0	0	0	0	0
Precinct 9705 - Election Day	0	0	919	0	0	0	0	0
Precinct 9705 - Vote By Mail	0	0	919	0	0	0	0	0
Precinct 9706 MB - Vote By Mail	0	0	49	0	0	0	0	0
Precinct 9707 - Election Day	0	0	821	0	0	0	0	0
Precinct 9707 - Vote By Mail	0	0	821	0	0	0	0	0
Precinct 9708 - Election Day	0	0	948	0	0	0	0	0
Precinct 9708 - Vote By Mail	0	0	948	0	0	0	0	0
Precinct 9709 - Election Day	0	0	1,028	0	0	0	0	0
Precinct 9709 - Vote By Mail	0	0	1,028	0	0	0	0	0
Precinct 9711 - Election Day	0	0	641	0	0	0	0	0
Precinct 9711 - Vote By Mail	0	0	641	0	0	0	0	0
Precinct 9712 - Election Day	0	0	649	0	0	0	0	0
Precinct 9712 - Vote By Mail	0	0	649	0	0	0	0	0
Precinct 9713 - Election Day	0	0	960	0	0	0	0	0
Precinct 9713 - Vote By Mail	0	0	960	0	0	0	0	0
Precinct 9714 - Election Day	0	0	931	0	0	0	0	0
Precinct 9714 - Vote By Mail	0	0	931	0	0	0	0	0
Precinct 9715 - Election Day	0	0	569	0	0	0	0	0
Precinct 9715 - Vote By Mail	0	0	569	0	0	0	0	0
Precinct 9716 - Election Day	0	0	947	0	0	0	0	0
Precinct 9716 - Vote By Mail	0	0	947	0	0	0	0	0
Precinct 9717 - Election Day	0	0	972	0	0	0	0	0
Precinct 9717 - Vote By Mail	0	0	972	0	0	0	0	0
Precinct 9718 - Election Day	0	0	862	0	0	0	0	0
Precinct 9718 - Vote By Mail	0	0	862	0	0	0	0	0
Precinct 9719 - Election Day	0	0	901	0	0	0	0	0
Precinct 9719 - Vote By Mail	0	0	901	0	0	0	0	0
Precinct 9721 - Election Day	0	0	662	0	0	0	0	0
Precinct 9721 - Vote By Mail	0	0	662	0	0	0	0	0
Precinct 9722 - Election Day	0	0	605	0	0	0	0	0
Precinct 9722 - Vote By Mail	0	0	605	0	0	0	0	0
Precinct 9723 - Election Day	0	0	481	0	0	0	0	0
Precinct 9723 - Vote By Mail	0	0	481	0	0	0	0	0
Precinct 9724 - Election Day	0	0	991	0	0	0	0	0
Precinct 9724 - Vote By Mail	0	0	991	0	0	0	0	0
Precinct 9725 - Election Day	0	0	970	0	0	0	0	0
Precinct 9725 - Vote By Mail	0	0	970	0	0	0	0	0
Precinct 9726 - Election Day	0	0	655	0	0	0	0	0
Precinct 9726 - Vote By Mail	0	0	655	0	0	0	0	0
Precinct 9727 - Election Day	0	0	459	0	0	0	0	0
Precinct 9727 - Vote By Mail	0	0	459	0	0	0	0	0
Precinct 9728 - Election Day	0	0	926	0	0	0	0	0
Precinct 9728 - Vote By Mail	0	0	926	0	0	0	0	0
Precinct 9729 - Election Day	0	0	800	0	0	0	0	0
Precinct 9729 - Vote By Mail	0	0	800	0	0	0	0	0
Precinct 9731 - Election Day	0	0	556	0	0	0	0	0
Precinct 9731 - Vote By Mail	0	0	556	0	0	0	0	0
Precinct 9732 MB - Vote By Mail	0	0	70	0	0	0	0	0
Precinct 9733 MB - Vote By Mail	0	0	235	0	0	0	0	0
Precinct 9734 - Election Day	0	0	603	0	0	0	0	0
Precinct 9734 - Vote By Mail	0	0	603	0	0	0	0	0
Precinct 9735 - Election Day	0	0	809	0	0	0	0	0
Precinct 9735 - Vote By Mail	0	0	809	0	0	0	0	0
Precinct 9736 - Election Day	0	0	713	0	0	0	0	0
Precinct 9736 - Vote By Mail	0	0	713	0	0	0	0	0
Precinct 9737 - Election Day	0	0	818	0	0	0	0	0
Precinct 9737 - Vote By Mail	0	0	818	0	0	0	0	0
Precinct 9738 - Election Day	0	0	848	0	0	0	0	0
Precinct 9738 - Vote By Mail	0	0	848	0	0	0	0	0
Precinct 9739 - Election Day	0	0	828	0	0	0	0	0
Precinct 9739 - Vote By Mail	0	0	828	0	0	0	0	0
Precinct 9741 - Election Day	0	0	552	0	0	0	0	0
Precinct 9741 - Vote By Mail	0	0	552	0	0	0	0	0
Precinct 9742 - Election Day	0	0	677	0	0	0	0	0
Precinct 9742 - Vote By Mail	0	0	677	0	0	0	0	0
Precinct 9743 - Election Day	0	0	1,163	0	0	0	0	0
Precinct 9743 - Vote By Mail	0	0	1,163	0	0	0	0	0
Precinct 9744 - Election Day	0	0	911	0	0	0	0	0
Precinct 9744 - Vote By Mail	0	0	911	0	0	0	0	0
Precinct 9745 - Election Day	0	0	991	0	0	0	0	0
Precinct 9745 - Vote By Mail	0	0	991	0	0	0	0	0
Precinct 9746 - Election Day	0	0	884	0	0	0	0	0
Precinct 9746 - Vote By Mail	0	0	884	0	0	0	0	0
Precinct 9747 - Election Day	0	0	973	0	0	0	0	0
Precinct 9747 - Vote By Mail	0	0	973	0	0	0	0	0
Precinct 9748 - Election Day	0	0	931	0	0	0	0	0
Precinct 9748 - Vote By Mail	0	0	931	0	0	0	0	0
Precinct 9749 - Election Day	0	0	913	0	0	0	0	0
Precinct 9749 - Vote By Mail	0	0	913	0	0	0	0	0
Precinct 9751 - Election Day	0	0	1,016	0	0	0	0	0
Precinct 9751 - Vote By Mail	0	0	1,016	0	0	0	0	0
Precinct 9752 - Election Day	0	0	710	0	0	0	0	0
Precinct 9752 - Vote By Mail	0	0	710	0	0	0	0	0
Precinct 9753 - Election Day	0	0	756	0	0	0	0	0
Precinct 9753 - Vote By Mail	0	0	756	0	0	0	0	0
Precinct 9754 - Election Day	0	0	707	0	0	0	0	0
Precinct 9754 - Vote By Mail	0	0	707	0	0	0	0	0
Precinct 9755 - Election Day	0	0	582	0	0	0	0	0
Precinct 9755 - Vote By Mail	0	0	582	0	0	0	0	0
Precinct 9756 - Election Day	0	0	941	0	0	0	0	0
Precinct 9756 - Vote By Mail	0	0	941	0	0	0	0	0
Precinct 9801 - Election Day	0	0	408	0	0	0	0	0
Precinct 9801 - Vote By Mail	0	0	408	0	0	0	0	0
Congressional District 12	0	0	443,570	0	0	0	0	0
Congressional District 14	0	0	56,946	0	0	0	0	0
Assembly District 17	0	0	291,063	0	0	0	0	0
Assembly District 19	0	0	209,453	0	0	0	0	0
BART District 7	0	0	38,460	0	0	0	0	0
BART District 8	0	0	223,735	0	0	0	0	0
BART District 9	0	0	238,321	0	0	0	0	0
Supervisorial District 1	0	0	42,767	0	0	0	0	0
Supervisorial District 2	0	0	50,394	0	0	0	0	0
Supervisorial District 3	0	0	39,799	0	0	0	0	0
Supervisorial District 4	0	0	42,953	0	0	0	0	0
Supervisorial District 5	0	0	53,744	0	0	0	0	0
Supervisorial District 6	0	0	43,321	0	0	0	0	0
Supervisorial District 7	0	0	47,076	0	0	0	0	0
Supervisorial District 8	0	0	58,122	0	0	0	0	0
Supervisorial District 9	0	0	42,988	0	0	0	0	0
Supervisorial District 10	0	0	41,862	0	0	0	0	0
Supervisorial District 11	0	0	37,490	0	0	0	0	0
Bayview/Hunters Point	0	0	19,914	0	0	0	0	0
Chinatown	0	0	17,446	0	0	0	0	0
Civic Center/Downtown	0	0	28,644	0	0	0	0	0
Diamond Heights	0	0	7,002	0	0	0	0	0
Excelsior	0	0	27,634	0	0	0	0	0
Haight Ashbury	0	0	14,982	0	0	0	0	0
Ingleside	0	0	12,118	0	0	0	0	0
Inner Sunset	0	0	9,734	0	0	0	0	0
Lake Merced	0	0	8,390	0	0	0	0	0
Laurel Heights/Anza Vista	0	0	10,097	0	0	0	0	0
Marina Pacific Heights	0	0	40,622	0	0	0	0	0
Mission	0	0	31,129	0	0	0	0	0
Noe Valley	0	0	16,964	0	0	0	0	0
North Bernal Heights	0	0	8,795	0	0	0	0	0
North Embarcadero	0	0	7,019	0	0	0	0	0
Portola	0	0	9,293	0	0	0	0	0
Potrero Hill	0	0	16,814	0	0	0	0	0
Richmond	0	0	37,322	0	0	0	0	0
Sea Cliff/Presidio Heights	0	0	8,050	0	0	0	0	0
South of Bernal Heights	0	0	9,419	0	0	0	0	0
South of Market	0	0	24,674	0	0	0	0	0
Sunset	0	0	42,363	0	0	0	0	0
Upper Market/Eureka Valley	0	0	18,966	0	0	0	0	0
Visitation Valley	0	0	8,139	0	0	0	0	0
West of Twin Peaks	0	0	34,909	0	0	0	0	0
Western Addition	0	0	30,077	0	0	0	0	0
